Post_ID,Post_Date,Post_Type,Caption_Length,Hashtags_Used,Likes,Comments,Shares,Saves,Reach,Impressions,Follower_Count,MONTH_YEAR,Caption Status
P0001,23-01-2024,Video,36,20,13099,1739,606,1241,21444,36705,5147,01-2024,Medium Caption
P0002,18-01-2024,Story,5,5,914,568,165,426,10859,12290,5023,01-2024,short Caption
P0003,09-08-2024,Reel,9,0,16829,776,1567,1437,27010,36077,4993,08-2024,short Caption
P0004,07-05-2025,Reel,49,4,10641,1599,10,113,22188,26901,5032,05-2025,Medium Caption
P0005,01-12-2024,Image,8,8,2543,1612,1324,1168,12064,21621,5177,12-2024,short Caption
P0006,20-05-2025,Image,20,11,10557,1688,728,302,22204,31639,5226,05-2025,short Caption
P0007,16-08-2025,Image,28,25,10480,1889,800,743,16942,21940,4935,08-2025,Medium Caption
P0008,07-10-2024,Story,20,13,7883,1603,101,587,12634,12796,5521,10-2024,short Caption
P0009,02-02-2025,Reel,6,1,11573,1338,1448,986,22890,24864,5710,02-2025,short Caption
P0010,13-09-2024,Reel,32,16,17468,889,1415,344,21664,41339,5881,09-2024,Medium Caption
P0011,18-05-2025,Image,36,13,15428,1271,778,813,24562,33023,5496,05-2025,Medium Caption
P0012,16-02-2024,Story,31,25,927,1521,213,800,6490,23505,5271,02-2024,Medium Caption
P0013,08-01-2024,Reel,24,12,7247,1394,1714,1024,14843,32132,5477,01-2024,short Caption
P0014,30-06-2024,Image,28,26,4551,1358,1111,1170,15827,17841,5675,06-2024,Medium Caption
P0015,06-04-2025,Image,16,8,15443,1135,1576,1310,20927,30760,6050,04-2025,short Caption
P0016,10-08-2025,Image,39,25,13735,230,400,1076,16477,24373,6210,08-2025,Medium Caption
P0017,09-08-2024,Video,37,24,6059,829,587,1327,16642,16846,6239,08-2024,Medium Caption
P0018,22-06-2025,Video,37,14,226,222,888,1092,10107,27072,6162,06-2025,Medium Caption
P0019,29-04-2024,Video,47,24,19661,941,1069,360,30498,39530,6183,04-2024,Medium Caption
P0020,31-03-2024,Image,41,21,8895,757,1695,1243,21824,27171,6288,03-2024,Medium Caption
P0021,22-08-2025,Reel,16,14,11741,510,1486,1009,16091,18734,6643,08-2025,short Caption
P0022,30-05-2025,Image,7,23,7296,263,591,703,15130,23147,5751,05-2025,short Caption
P0023,18-05-2025,Image,5,29,11659,1916,1333,574,19018,37699,6061,05-2025,short Caption
P0024,08-03-2024,Video,37,10,3468,1802,1109,1184,14010,31268,6698,03-2024,Medium Caption
P0025,23-05-2025,Video,44,15,3897,1545,91,1112,9639,15199,6064,05-2025,Medium Caption
P0026,12-01-2024,Reel,14,28,15214,1801,1683,687,22604,38496,6067,01-2024,short Caption
P0027,31-07-2024,Image,47,16,13818,58,672,780,17712,32243,6543,07-2024,Medium Caption
P0028,11-02-2024,Video,48,25,1892,1075,713,584,9113,26186,6450,02-2024,Medium Caption
P0029,12-01-2024,Reel,33,3,11153,731,935,588,19086,23086,6995,01-2024,Medium Caption
P0030,07-05-2024,Image,17,0,3576,693,1951,1182,14512,28801,7025,05-2024,short Caption
P0031,01-06-2024,Reel,16,7,3517,1549,241,488,12725,29780,6820,06-2024,short Caption
P0032,22-09-2024,Image,35,16,1745,1127,1888,970,13384,21311,7082,09-2024,Medium Caption
P0033,07-06-2024,Image,6,2,14855,1048,1,1347,24239,39801,6673,06-2024,short Caption
P0034,02-08-2024,Story,39,28,19514,1918,224,1404,28297,29468,7147,08-2024,Medium Caption
P0035,22-05-2025,Story,27,19,19356,1781,800,1125,30087,42005,7392,05-2025,Medium Caption
P0036,06-02-2024,Reel,21,14,3172,1601,1768,493,11384,20519,7208,02-2024,short Caption
P0037,29-09-2024,Video,30,14,1954,1919,1996,18,7076,13418,6880,09-2024,Medium Caption
P0038,25-02-2025,Image,12,23,4762,1518,1949,1477,15381,33214,7237,02-2025,short Caption
P0039,09-03-2024,Reel,33,21,6614,423,1952,396,18533,30462,7039,03-2024,Medium Caption
P0040,11-07-2024,Video,30,13,2808,694,588,1000,10668,13207,7555,07-2024,Medium Caption
P0041,26-01-2025,Image,14,25,11794,854,115,1302,20013,23972,7173,01-2025,short Caption
P0042,19-07-2025,Video,30,27,9624,66,1689,850,13908,27091,7081,07-2025,Medium Caption
P0043,18-05-2025,Image,38,22,19991,1173,917,1388,33043,38475,7682,05-2025,Medium Caption
P0044,05-10-2024,Story,45,13,6556,220,1126,1354,16162,34907,7307,10-2024,Medium Caption
P0045,20-10-2024,Image,11,23,4312,7,193,1367,14970,16723,7569,10-2024,short Caption
P0046,06-05-2024,Reel,8,1,13324,164,1189,821,22905,41227,7894,05-2024,short Caption
P0047,13-08-2025,Video,49,12,8070,1767,870,454,20461,30584,7688,08-2025,Medium Caption
P0048,03-04-2025,Video,15,25,17020,785,89,724,20756,37132,7721,04-2025,short Caption
P0049,14-07-2025,Video,33,13,1725,1148,1709,1088,11841,18429,8105,07-2025,Medium Caption
P0050,01-02-2025,Image,40,26,10414,897,121,1099,19959,26263,8096,02-2025,Medium Caption
P0051,12-12-2024,Story,29,23,8073,1117,142,710,11924,19269,8183,12-2024,Medium Caption
P0052,11-04-2024,Reel,25,18,8677,333,993,142,12048,27400,7992,04-2024,Medium Caption
P0053,04-05-2025,Story,40,6,8170,584,105,916,19286,19883,8413,05-2025,Medium Caption
P0054,09-07-2025,Story,14,2,8766,1938,886,827,16209,35655,7719,07-2025,short Caption
P0055,07-09-2024,Reel,41,14,3700,1385,427,604,15627,17963,7634,09-2024,Medium Caption
P0056,07-05-2024,Story,13,22,6883,1638,1328,1496,12264,22143,8201,05-2024,short Caption
P0057,27-08-2024,Image,28,13,13326,1295,1895,1440,22973,23545,8105,08-2024,Medium Caption
P0058,08-05-2025,Image,39,10,9246,1645,1994,304,16991,24512,8469,05-2025,Medium Caption
P0059,29-10-2024,Image,39,14,5071,956,316,735,15435,21606,8601,10-2024,Medium Caption
P0060,22-07-2024,Video,40,27,13590,1351,1986,290,25587,44061,8374,07-2024,Medium Caption
P0061,09-08-2024,Video,22,12,17689,639,634,101,25256,39248,8596,08-2024,short Caption
P0062,23-02-2025,Image,43,17,13051,992,1925,1290,18525,30386,8901,02-2025,Medium Caption
P0063,26-06-2024,Reel,36,25,12412,1569,8,866,17399,29863,8385,06-2024,Medium Caption
P0064,06-11-2024,Video,28,5,2090,1677,773,967,7556,9189,8236,11-2024,Medium Caption
P0065,19-11-2024,Image,27,2,5399,1223,1096,973,15331,33232,8724,11-2024,Medium Caption
P0066,13-05-2024,Video,36,18,13097,925,1382,841,20461,32946,8780,05-2024,Medium Caption
P0067,31-10-2024,Image,41,14,13572,742,222,961,20478,31327,8282,10-2024,Medium Caption
P0068,18-03-2024,Reel,16,24,4480,1360,1439,941,16618,20266,8506,03-2024,short Caption
P0069,05-08-2025,Image,17,22,4857,174,552,1026,13657,28834,9015,08-2025,short Caption
P0070,15-01-2025,Story,27,4,19197,525,1393,84,23992,37132,8472,01-2025,Medium Caption
P0071,09-10-2024,Reel,29,27,10495,1491,715,327,18365,36286,8842,10-2024,Medium Caption
P0072,18-11-2024,Image,39,9,16341,44,1287,815,26745,41102,9151,11-2024,Medium Caption
P0073,26-04-2025,Image,45,6,5688,1565,1863,1473,17882,31250,9081,04-2025,Medium Caption
P0074,16-06-2024,Reel,34,24,17450,1289,1713,453,29043,32180,9639,06-2024,Medium Caption
P0075,16-01-2024,Reel,21,16,5044,1423,1883,628,17471,17568,8848,01-2024,short Caption
P0076,05-06-2024,Reel,24,6,13495,959,1341,1244,23546,34953,9064,06-2024,short Caption
P0077,06-08-2024,Reel,29,21,19916,1254,1107,1177,29496,42218,9299,08-2024,Medium Caption
P0078,26-10-2024,Image,26,25,17172,988,1341,664,29757,42681,9151,10-2024,Medium Caption
P0079,05-03-2025,Video,17,29,4343,1152,110,11,12472,16222,9897,03-2025,short Caption
P0080,23-01-2025,Image,23,11,10016,979,250,1156,21334,29869,9327,01-2025,short Caption
P0081,04-01-2025,Story,40,24,10084,42,382,303,18691,23357,9685,01-2025,Medium Caption
P0082,24-10-2024,Reel,16,16,1859,332,6,1316,6398,22407,9243,10-2024,short Caption
P0083,12-04-2024,Video,45,12,9281,1279,458,974,16760,33754,10186,04-2024,Medium Caption
P0084,07-04-2025,Image,23,19,2582,1929,1107,1323,8112,9839,9505,04-2025,short Caption
P0085,06-10-2024,Video,16,24,1051,1204,207,782,3907,5761,9765,10-2024,short Caption
P0086,06-04-2025,Video,13,3,2179,1630,899,42,13906,24706,9890,04-2025,short Caption
P0087,21-07-2025,Reel,11,9,2817,918,1413,943,11183,16238,9580,07-2025,short Caption
P0088,27-03-2024,Reel,32,2,9792,458,1337,342,17224,27495,10343,03-2024,Medium Caption
P0089,08-05-2025,Story,18,8,7411,41,21,1349,14120,32828,9715,05-2025,short Caption
P0090,22-10-2024,Video,35,12,18549,1344,409,497,27335,40154,9942,10-2024,Medium Caption
P0091,24-05-2025,Image,23,17,868,1716,894,363,6696,16065,10326,05-2025,short Caption
P0092,18-08-2025,Reel,20,14,5590,977,514,890,14358,23641,10144,08-2025,short Caption
P0093,12-02-2024,Reel,9,3,15634,800,1150,426,26471,39642,10498,02-2024,short Caption
P0094,28-02-2024,Reel,39,14,6745,1993,808,1004,16877,22651,10517,02-2024,Medium Caption
P0095,05-05-2024,Reel,16,21,5332,977,1723,20,17289,23808,10572,05-2024,short Caption
P0096,10-12-2024,Video,29,1,11585,597,873,406,18680,29663,10795,12-2024,Medium Caption
P0097,08-05-2025,Video,25,14,5897,1142,13,618,8763,26896,10850,05-2025,Medium Caption
P0098,10-10-2024,Video,40,7,19819,1068,970,1014,28210,43149,10715,10-2024,Medium Caption
P0099,01-08-2025,Image,27,7,12442,1329,977,335,22977,23758,11077,08-2025,Medium Caption
P0100,31-05-2024,Image,20,16,8138,228,1013,1140,14512,30794,10496,05-2024,short Caption
P0101,06-05-2024,Image,43,11,16102,322,1035,1147,25270,32093,11219,05-2024,Medium Caption
P0102,08-07-2024,Reel,49,18,13187,353,86,398,17196,35685,10959,07-2024,Medium Caption
P0103,13-04-2024,Video,46,9,4973,119,1547,792,12131,19324,10983,04-2024,Medium Caption
P0104,27-01-2025,Video,43,8,1581,702,908,714,4421,6534,10821,01-2025,Medium Caption
P0105,04-05-2025,Story,18,4,10193,1351,1560,50,16845,33125,11052,05-2025,short Caption
P0106,07-07-2024,Image,35,5,19935,1596,1324,323,24070,37635,11001,07-2024,Medium Caption
P0107,05-04-2024,Video,9,19,14522,1068,1266,788,26760,36943,11232,04-2024,short Caption
P0108,28-01-2025,Reel,39,25,16538,1894,121,140,25465,43426,11381,01-2025,Medium Caption
P0109,02-04-2025,Image,27,1,7743,44,1170,469,10497,19700,11100,04-2025,Medium Caption
P0110,12-06-2025,Image,33,26,19946,1887,1590,786,28340,46998,11681,06-2025,Medium Caption
P0111,10-04-2025,Image,47,23,15808,1777,749,1357,26363,42158,10886,04-2025,Medium Caption
P0112,23-08-2025,Image,15,26,11371,1317,1379,963,24842,43652,10973,08-2025,short Caption
P0113,10-01-2025,Story,22,12,17316,1290,684,1007,27974,41463,11654,01-2025,short Caption
P0114,31-01-2024,Reel,16,5,12700,220,1927,372,24152,29698,11306,01-2024,short Caption
P0115,30-05-2025,Reel,13,4,11098,1175,1756,493,18919,25771,11409,05-2025,short Caption
P0116,19-03-2025,Story,14,24,14395,340,1654,750,25762,28313,11844,03-2025,short Caption
P0117,26-02-2024,Reel,48,0,10782,1196,308,1179,16244,22655,11801,02-2024,Medium Caption
P0118,15-01-2024,Image,21,20,16480,96,694,290,27040,43431,11244,01-2024,short Caption
P0119,16-12-2024,Story,42,21,8619,357,287,1167,18381,37320,12196,12-2024,Medium Caption
P0120,31-01-2024,Video,11,20,19794,575,306,105,30186,30661,12088,01-2024,short Caption
P0121,19-05-2024,Reel,17,5,3400,1599,1835,1443,9552,19955,12334,05-2024,short Caption
P0122,09-08-2025,Story,44,5,6822,820,1617,669,17297,24536,12230,08-2025,Medium Caption
P0123,07-04-2025,Video,46,22,7318,1709,1989,1,13764,20474,11595,04-2025,Medium Caption
P0124,17-10-2024,Image,13,15,3154,785,913,588,13028,21106,11749,10-2024,short Caption
P0125,19-11-2024,Image,31,3,13675,367,1746,643,17009,19294,12055,11-2024,Medium Caption
P0126,10-10-2024,Video,6,29,8070,561,661,89,17961,23184,12481,10-2024,short Caption
P0127,02-10-2024,Reel,9,10,2243,1373,548,1368,13131,26652,12562,10-2024,short Caption
P0128,24-07-2025,Story,33,29,9603,1721,1375,349,17474,32363,12749,07-2025,Medium Caption
P0129,08-12-2024,Image,41,29,15249,1198,311,1482,27787,34758,12100,12-2024,Medium Caption
P0130,30-01-2025,Video,42,29,19022,360,872,1286,29380,49289,12801,01-2025,Medium Caption
P0131,22-12-2024,Video,23,23,12275,195,1082,1374,22509,34040,12158,12-2024,short Caption
P0132,07-05-2025,Image,12,22,8456,1695,1666,1131,19678,34399,12569,05-2025,short Caption
P0133,15-06-2025,Image,49,8,15170,426,923,1062,27304,46510,12181,06-2025,Medium Caption
P0134,05-04-2024,Video,5,22,922,704,1737,908,9711,14654,12833,04-2024,short Caption
P0135,20-02-2025,Story,26,2,17427,11,754,158,22121,28651,12555,02-2025,Medium Caption
P0136,19-06-2025,Video,21,18,14389,137,34,958,19474,30590,12786,06-2025,short Caption
P0137,10-07-2024,Video,11,7,6250,1775,444,311,17068,17326,12832,07-2024,short Caption
P0138,26-08-2024,Reel,29,4,4525,561,92,1264,15541,15823,13121,08-2024,Medium Caption
P0139,06-01-2025,Video,49,3,16132,830,1973,444,27529,41466,12491,01-2025,Medium Caption
P0140,20-01-2024,Story,8,23,2298,765,1982,297,8553,10451,12918,01-2024,short Caption
P0141,27-07-2025,Story,40,5,3552,1059,1230,951,8960,13095,13188,07-2025,Medium Caption
P0142,11-08-2025,Image,10,1,9206,539,352,35,10779,17408,13208,08-2025,short Caption
P0143,21-03-2025,Video,35,19,13959,430,902,1107,23318,34486,13150,03-2025,Medium Caption
P0144,13-01-2024,Video,23,27,17792,1422,1355,1475,22909,42493,13298,01-2024,short Caption
P0145,15-05-2025,Image,48,10,8805,676,1840,1408,17760,18372,13429,05-2025,Medium Caption
P0146,11-06-2024,Image,43,3,10212,367,861,1195,18465,32668,13195,06-2024,Medium Caption
P0147,17-06-2024,Reel,31,14,4941,1465,1748,1399,15563,32634,13777,06-2024,Medium Caption
P0148,28-04-2025,Video,14,5,15458,1698,158,1385,27953,30260,13273,04-2025,short Caption
P0149,11-09-2024,Image,30,21,1509,1579,1977,558,15087,22220,13276,09-2024,Medium Caption
P0150,28-06-2024,Image,23,16,4666,1955,956,890,15460,26665,13295,06-2024,short Caption
P0151,28-10-2024,Story,43,29,11482,86,23,140,17670,23576,13175,10-2024,Medium Caption
P0152,23-07-2024,Image,7,23,18039,360,403,886,26699,29290,14089,07-2024,short Caption
P0153,24-05-2025,Image,49,5,14696,1286,804,1141,25931,41080,13477,05-2025,Medium Caption
P0154,05-10-2024,Video,17,18,904,1746,515,1300,6211,18361,13685,10-2024,short Caption
P0155,24-05-2024,Story,32,29,13321,593,731,725,19709,26892,13559,05-2024,Medium Caption
P0156,29-11-2024,Image,24,24,1379,1552,1387,1243,14612,24714,14214,11-2024,short Caption
P0157,11-01-2024,Reel,32,1,13292,299,1405,1049,18921,38909,13749,01-2024,Medium Caption
P0158,11-05-2025,Reel,12,14,7183,1990,531,520,13733,30786,14309,05-2025,short Caption
P0159,04-12-2024,Image,45,10,11193,1252,955,9,23063,24346,14528,12-2024,Medium Caption
P0160,05-04-2025,Reel,43,7,17871,1553,151,983,22885,23808,14596,04-2025,Medium Caption
P0161,20-09-2024,Video,5,25,12980,1074,1585,377,23495,24620,14025,09-2024,short Caption
P0162,10-01-2025,Reel,7,18,15617,1695,1712,681,28774,30303,13938,01-2025,short Caption
P0163,21-04-2024,Reel,17,12,19163,1141,946,583,26618,35056,14356,04-2024,short Caption
P0164,01-01-2024,Video,32,11,2206,1261,607,151,11635,27789,13888,01-2024,Medium Caption
P0165,03-04-2024,Image,29,4,16186,21,1640,719,27627,35631,14024,04-2024,Medium Caption
P0166,19-12-2024,Reel,37,5,4931,364,419,1072,9482,19234,14177,12-2024,Medium Caption
P0167,17-07-2024,Video,42,25,19252,1251,1273,1177,27200,37792,14932,07-2024,Medium Caption
P0168,02-06-2025,Image,10,21,3286,870,1140,858,15497,19361,14348,06-2025,short Caption
P0169,12-07-2024,Image,48,3,2673,704,865,1316,12036,12262,14534,07-2024,Medium Caption
P0170,30-05-2024,Reel,49,18,12908,452,1535,49,21051,36087,14688,05-2024,Medium Caption
P0171,30-06-2024,Reel,36,19,2699,860,1763,663,7254,18993,14535,06-2024,Medium Caption
P0172,26-07-2024,Image,49,0,4133,369,577,530,6889,23537,15094,07-2024,Medium Caption
P0173,10-07-2025,Video,25,19,8528,679,334,1083,17427,27014,14632,07-2025,Medium Caption
P0174,13-10-2024,Image,20,16,1404,1012,1441,1190,9530,21279,14851,10-2024,short Caption
P0175,23-07-2025,Reel,25,11,17785,1354,931,1225,30509,31154,14577,07-2025,Medium Caption
P0176,05-03-2024,Image,15,14,19025,471,1797,856,23170,39469,15185,03-2024,short Caption
P0177,09-08-2025,Reel,41,0,18535,418,294,145,29019,48393,15004,08-2025,Medium Caption
P0178,21-04-2024,Video,40,25,8733,1483,1961,914,21160,34835,15253,04-2024,Medium Caption
P0179,29-01-2024,Story,39,13,11472,590,754,992,20092,38980,15128,01-2024,Medium Caption
P0180,31-07-2024,Image,23,5,9096,1261,1394,1462,18296,29260,15131,07-2024,short Caption
P0181,03-01-2025,Video,24,4,16558,1252,185,241,24682,40769,14887,01-2025,short Caption
P0182,18-09-2024,Image,22,29,5575,998,1269,580,13863,27400,15820,09-2024,short Caption
P0183,07-07-2025,Story,45,10,7284,1859,636,686,17232,30501,15926,07-2025,Medium Caption
P0184,27-12-2024,Story,18,3,12975,1440,1291,482,23816,33162,15620,12-2024,short Caption
P0185,14-06-2025,Image,19,12,1722,576,1666,1131,8056,8643,15073,06-2025,short Caption
P0186,27-05-2024,Reel,35,10,16088,339,1260,1249,20121,32884,15288,05-2024,Medium Caption
P0187,04-01-2024,Reel,5,2,8141,1250,529,672,13252,22429,15522,01-2024,short Caption
P0188,20-04-2025,Reel,7,0,16825,41,1575,630,26602,30681,16081,04-2025,short Caption
P0189,03-03-2024,Video,20,5,18558,993,20,660,26072,29420,16072,03-2024,short Caption
P0190,13-03-2024,Image,27,17,8092,282,910,661,10483,28582,15780,03-2024,Medium Caption
P0191,15-11-2024,Image,15,23,15746,1224,1760,1455,25560,36345,15582,11-2024,short Caption
P0192,12-04-2024,Story,16,9,17129,920,866,804,21475,33803,15600,04-2024,short Caption
P0193,21-04-2025,Story,14,4,4363,1892,793,418,15663,22113,15673,04-2025,short Caption
P0194,06-07-2024,Reel,36,22,14160,488,1543,987,19874,33104,16406,07-2024,Medium Caption
P0195,03-07-2024,Video,20,9,15256,1270,99,1478,25768,31201,15657,07-2024,short Caption
P0196,08-11-2024,Video,12,11,8746,1352,751,1183,12833,13931,15736,11-2024,short Caption
P0197,14-06-2024,Reel,42,1,11764,735,477,649,21652,28748,15754,06-2024,Medium Caption
P0198,23-04-2024,Story,16,12,3069,196,1622,968,12736,31446,16148,04-2024,short Caption
P0199,21-05-2025,Story,28,7,3128,1045,1321,589,7229,18668,15920,05-2025,Medium Caption
P0200,26-01-2024,Reel,32,1,19165,528,939,1100,31021,40108,16463,01-2024,Medium Caption
P0201,19-08-2024,Reel,12,19,3729,922,525,508,15037,31058,16632,08-2024,short Caption
P0202,03-10-2024,Image,32,0,3167,405,333,440,9175,15591,16842,10-2024,Medium Caption
P0203,29-05-2025,Image,40,4,6041,1934,1,1277,16756,23736,16192,05-2025,Medium Caption
P0204,21-06-2024,Story,30,8,17870,890,374,920,24091,42149,16744,06-2024,Medium Caption
P0205,28-01-2024,Reel,12,16,19350,709,292,769,26178,37279,16569,01-2024,short Caption
P0206,16-07-2025,Image,32,8,11655,26,836,1343,20939,28889,17175,07-2025,Medium Caption
P0207,17-03-2024,Image,32,10,13181,478,1957,262,24852,33974,17224,03-2024,Medium Caption
P0208,09-02-2025,Reel,41,14,6919,1148,1004,1397,15050,27626,17040,02-2025,Medium Caption
P0209,10-05-2025,Image,45,23,11146,214,552,636,17231,18320,16708,05-2025,Medium Caption
P0210,26-12-2024,Image,40,5,17817,310,317,1190,28786,33364,16916,12-2024,Medium Caption
P0211,20-03-2025,Video,31,22,2811,1298,1525,458,10346,19473,17201,03-2025,Medium Caption
P0212,02-05-2025,Reel,21,2,4953,708,1851,998,10734,21221,17523,05-2025,short Caption
P0213,17-07-2025,Reel,13,29,7815,691,380,1303,12065,12220,16654,07-2025,short Caption
P0214,01-03-2025,Image,37,16,9042,289,1646,699,20882,22840,16901,03-2025,Medium Caption
P0215,27-08-2024,Reel,24,4,15607,720,13,301,26035,36728,17183,08-2024,short Caption
P0216,30-11-2024,Image,17,29,15926,1704,503,1241,21527,27871,17387,11-2024,short Caption
P0217,04-03-2025,Video,32,27,1862,767,230,1125,6550,12329,17710,03-2025,Medium Caption
P0218,08-01-2024,Reel,33,11,15950,1255,1107,553,19387,23217,17127,01-2024,Medium Caption
P0219,16-02-2024,Reel,17,17,12212,952,129,287,16540,25586,17550,02-2024,short Caption
P0220,28-03-2024,Reel,39,13,12752,385,1766,1190,22519,32313,17197,03-2024,Medium Caption
P0221,02-01-2024,Reel,10,20,6222,464,837,620,14894,15335,17893,01-2024,short Caption
P0222,27-06-2024,Reel,22,23,581,1035,1168,1005,13785,28263,17832,06-2024,short Caption
P0223,22-07-2024,Image,9,10,14636,33,890,35,23389,28017,17423,07-2024,short Caption
P0224,16-10-2024,Video,29,8,253,911,1880,743,7587,13957,17722,10-2024,Medium Caption
P0225,17-07-2024,Image,6,1,7717,1061,27,352,15936,25464,18249,07-2024,short Caption
P0226,14-12-2024,Image,14,11,1624,1674,65,72,12488,29820,18380,12-2024,short Caption
P0227,24-04-2025,Story,34,2,2220,883,1186,647,12789,24354,17869,04-2025,Medium Caption
P0228,12-04-2024,Video,49,2,15148,83,1252,1376,22086,30265,17934,04-2024,Medium Caption
P0229,04-01-2024,Story,9,0,2443,1956,260,1093,12524,28537,18043,01-2024,short Caption
P0230,26-02-2025,Reel,37,7,5236,951,1472,424,14578,31421,18097,02-2025,Medium Caption
P0231,14-02-2024,Reel,5,21,1340,463,1447,998,14224,14616,17805,02-2024,short Caption
P0232,14-08-2025,Video,22,27,160,574,459,707,2914,15044,18131,08-2025,short Caption
P0233,29-06-2024,Reel,36,28,9230,1566,1975,560,14279,32450,18611,06-2024,Medium Caption
P0234,29-06-2024,Video,15,7,18123,1510,1699,827,28678,39127,18732,06-2024,short Caption
P0235,01-05-2024,Image,25,10,12412,1458,300,955,20968,38490,18714,05-2024,Medium Caption
P0236,02-03-2024,Reel,30,8,13450,742,918,516,24159,31577,18542,03-2024,Medium Caption
P0237,22-12-2024,Image,29,4,12518,1313,1326,427,18604,21058,18348,12-2024,Medium Caption
P0238,20-07-2025,Image,26,13,1352,520,286,159,5898,23659,18472,07-2025,Medium Caption
P0239,28-04-2025,Reel,31,27,8463,1127,1418,148,13084,28307,19067,04-2025,Medium Caption
P0240,19-04-2025,Image,17,29,9750,401,1033,775,16426,23127,18883,04-2025,short Caption
P0241,14-03-2024,Story,37,2,18806,1517,1730,1253,30251,32848,18880,03-2024,Medium Caption
P0242,18-08-2025,Story,38,20,16414,43,629,66,26766,26907,18749,08-2025,Medium Caption
P0243,01-02-2025,Story,45,4,4190,1299,269,1013,9430,12089,18571,02-2025,Medium Caption
P0244,09-04-2024,Video,39,4,7060,891,591,380,14554,23585,18910,04-2024,Medium Caption
P0245,01-12-2024,Image,5,18,3104,801,1993,57,9002,24039,19314,12-2024,short Caption
P0246,27-01-2024,Story,25,26,16813,161,1628,1282,23363,37333,18570,01-2024,Medium Caption
P0247,29-12-2024,Video,10,13,3740,1103,1801,341,10134,15795,18984,12-2024,short Caption
P0248,18-06-2024,Story,32,25,1441,888,843,1153,13330,19472,19278,06-2024,Medium Caption
P0249,31-12-2024,Story,21,29,11955,1828,861,726,18953,31062,19588,12-2024,short Caption
P0250,06-02-2025,Story,9,3,438,1158,1384,1195,5712,14499,19202,02-2025,short Caption
P0251,09-06-2024,Image,35,24,5995,1715,1280,769,13748,23844,19662,06-2024,Medium Caption
P0252,09-12-2024,Video,9,12,12354,978,132,613,22181,30653,19808,12-2024,short Caption
P0253,30-04-2025,Story,42,9,19192,1112,1299,1232,30879,47686,19316,04-2025,Medium Caption
P0254,28-10-2024,Video,7,24,11444,1050,1799,353,17780,22029,19341,10-2024,short Caption
P0255,18-01-2024,Image,27,17,1850,1487,1706,1494,11020,25969,19497,01-2024,Medium Caption
P0256,28-10-2024,Reel,41,7,2521,1567,971,115,7452,9202,19691,10-2024,Medium Caption
P0257,21-05-2025,Story,41,7,7219,1735,512,1287,19155,37506,19244,05-2025,Medium Caption
P0258,09-03-2024,Reel,14,6,5419,853,312,661,12855,16943,19783,03-2024,short Caption
P0259,15-04-2024,Reel,14,7,15996,1410,575,1465,25135,40417,20056,04-2024,short Caption
P0260,02-03-2024,Image,23,13,12018,752,885,452,21985,41315,20007,03-2024,short Caption
P0261,09-11-2024,Reel,21,18,13949,1468,1307,286,18634,28275,19553,11-2024,short Caption
P0262,02-01-2025,Story,25,28,4973,1632,1144,1326,10272,15347,19886,01-2025,Medium Caption
P0263,12-03-2025,Image,18,5,4906,993,1130,1016,10724,21136,19876,03-2025,short Caption
P0264,02-09-2024,Video,13,0,8692,25,1956,310,16734,32420,20018,09-2024,short Caption
P0265,17-03-2024,Story,5,22,12282,307,686,207,23217,30447,20614,03-2024,short Caption
P0266,27-06-2025,Reel,49,14,19641,873,1227,617,24787,40219,19919,06-2025,Medium Caption
P0267,25-01-2025,Reel,17,0,16874,1983,164,445,20979,31981,20305,01-2025,short Caption
P0268,29-04-2025,Reel,8,24,12145,88,304,669,13932,27879,20617,04-2025,short Caption
P0269,13-03-2025,Video,5,16,4530,1802,1520,632,16305,29991,20119,03-2025,short Caption
P0270,04-06-2025,Image,44,0,8920,1687,1655,54,14644,32559,20741,06-2025,Medium Caption
P0271,02-01-2025,Reel,36,14,4332,1981,1579,911,17212,30286,20096,01-2025,Medium Caption
P0272,19-04-2024,Reel,38,22,11222,1481,1847,1035,21673,41047,20940,04-2024,Medium Caption
P0273,11-04-2024,Story,32,1,15123,1415,155,656,19872,24365,20331,04-2024,Medium Caption
P0274,06-07-2025,Story,35,13,8107,1535,1390,1423,17921,35238,20685,07-2025,Medium Caption
P0275,11-12-2024,Video,12,20,18005,1285,1742,979,28402,29862,21139,12-2024,short Caption
P0276,19-08-2025,Video,43,7,9118,574,1925,514,13711,27851,20743,08-2025,Medium Caption
P0277,24-02-2024,Reel,30,7,1600,1920,619,236,9911,29018,20437,02-2024,Medium Caption
P0278,11-08-2024,Reel,38,18,6837,938,1274,1302,13414,24118,20497,08-2024,Medium Caption
P0279,02-02-2024,Reel,7,6,3394,1555,956,347,10044,26713,20979,02-2024,short Caption
P0280,15-06-2024,Reel,16,18,18903,1190,1939,626,26744,43392,20657,06-2024,short Caption
P0281,09-03-2025,Story,5,5,19526,1985,1905,1127,29474,36290,20668,03-2025,short Caption
P0282,21-08-2024,Video,48,5,4597,1191,333,629,14091,25730,21471,08-2024,Medium Caption
P0283,10-11-2024,Video,9,2,17950,1860,1665,1271,29889,44313,20694,11-2024,short Caption
P0284,29-07-2024,Image,34,6,714,1013,968,363,7517,21482,20803,07-2024,Medium Caption
P0285,19-04-2025,Reel,34,18,9474,797,510,320,11762,29908,21420,04-2025,Medium Caption
P0286,10-02-2025,Image,21,7,19707,796,1316,285,23197,34437,21539,02-2025,short Caption
P0287,17-02-2024,Video,27,9,2767,1552,1043,148,9400,9440,21674,02-2024,Medium Caption
P0288,07-04-2025,Video,19,19,13509,1814,281,1107,23208,29035,21146,04-2025,short Caption
P0289,11-01-2024,Image,41,14,16614,1299,796,405,25968,34227,21372,01-2024,Medium Caption
P0290,09-08-2024,Reel,25,14,3083,496,1024,977,6743,24114,21857,08-2024,Medium Caption
P0291,18-04-2024,Image,18,28,12751,212,118,455,23360,38209,21194,04-2024,short Caption
P0292,30-01-2025,Image,6,0,8330,1567,1058,799,12795,29027,21234,01-2025,short Caption
P0293,23-12-2024,Reel,15,19,6740,1612,197,1184,15666,23470,21663,12-2024,short Caption
P0294,05-07-2024,Video,43,29,11879,1088,484,1012,20056,39638,21927,07-2024,Medium Caption
P0295,01-04-2025,Image,42,6,15417,434,1780,783,19781,25155,21847,04-2025,Medium Caption
P0296,26-02-2025,Video,38,26,17404,989,1082,459,29057,31581,22317,02-2025,Medium Caption
P0297,08-10-2024,Reel,42,3,7664,1685,836,737,16891,26168,21570,10-2024,Medium Caption
P0298,28-08-2024,Image,38,28,15620,1633,1184,508,25701,44564,22255,08-2024,Medium Caption
P0299,31-05-2025,Reel,22,5,13837,1337,1008,480,26560,36445,21854,05-2025,short Caption
P0300,09-03-2025,Image,34,24,9423,524,690,113,12419,13197,21701,03-2025,Medium Caption
P0301,24-03-2024,Image,19,0,15329,595,1229,748,19231,20723,21759,03-2024,short Caption
P0302,26-12-2024,Video,31,28,11813,1055,1035,360,16414,33458,21913,12-2024,Medium Caption
P0303,02-04-2024,Video,38,4,8602,1714,489,340,12781,30513,22294,04-2024,Medium Caption
P0304,26-12-2024,Reel,42,26,19725,1590,275,769,25669,39284,22167,12-2024,Medium Caption
P0305,09-08-2024,Reel,37,22,645,203,692,760,11467,23599,22829,08-2024,Medium Caption
P0306,28-02-2024,Story,28,0,4446,391,241,968,7565,17743,22651,02-2024,Medium Caption
P0307,17-08-2024,Video,19,29,10096,353,1239,448,17873,25724,22399,08-2024,short Caption
P0308,30-03-2025,Video,34,3,15875,964,1274,834,20730,37018,22946,03-2025,Medium Caption
P0309,11-01-2025,Reel,46,21,14019,1968,1834,1203,20183,27339,22970,01-2025,Medium Caption
P0310,14-08-2025,Image,21,1,3910,697,125,1430,8672,10716,22585,08-2025,short Caption
P0311,03-08-2024,Video,9,9,7306,1564,216,1219,19395,26763,22607,08-2024,short Caption
P0312,07-06-2025,Image,33,4,9105,1856,1329,1489,16012,35912,23268,06-2025,Medium Caption
P0313,14-11-2024,Image,8,26,16471,382,1820,310,21608,35243,23277,11-2024,short Caption
P0314,19-08-2025,Story,14,9,12416,903,1208,261,17459,26627,22989,08-2025,short Caption
P0315,07-09-2024,Reel,21,0,18516,920,1062,1442,30706,47817,22847,09-2024,short Caption
P0316,09-05-2024,Reel,14,21,8536,1586,1246,405,15744,27072,22966,05-2024,short Caption
P0317,08-01-2024,Video,21,5,13084,531,1207,142,24492,37811,22716,01-2024,short Caption
P0318,13-04-2025,Image,24,12,371,1181,494,341,8511,8853,23228,04-2025,short Caption
P0319,20-01-2024,Image,28,14,19995,738,426,1339,31689,33136,23484,01-2024,Medium Caption
P0320,26-01-2024,Image,9,3,18255,210,1201,1124,29619,36200,23276,01-2024,short Caption
P0321,09-04-2025,Video,38,12,10716,459,918,243,14933,26784,23178,04-2025,Medium Caption
P0322,11-07-2024,Reel,10,23,4461,1301,1451,489,13270,19587,23836,07-2024,short Caption
P0323,19-02-2024,Reel,6,19,7169,1922,1317,11,17316,34226,23334,02-2024,short Caption
P0324,04-04-2024,Image,17,23,17404,1264,1875,1262,25062,35150,23542,04-2024,short Caption
P0325,27-05-2024,Story,47,14,3530,1880,150,560,10540,23486,23366,05-2024,Medium Caption
P0326,11-02-2024,Reel,47,28,12776,1768,383,41,23654,40443,23262,02-2024,Medium Caption
P0327,08-04-2025,Reel,15,7,10916,525,1661,677,16179,30746,23539,04-2025,short Caption
P0328,22-03-2024,Reel,27,4,2150,1706,1836,593,9395,24263,24074,03-2024,Medium Caption
P0329,17-01-2024,Video,20,28,11792,1972,307,1452,22923,32688,23794,01-2024,short Caption
P0330,14-08-2024,Image,35,14,1265,1021,1359,1181,6775,19241,23737,08-2024,Medium Caption
P0331,03-11-2024,Video,15,3,2133,960,1969,1239,15539,33769,24014,11-2024,short Caption
P0332,02-08-2025,Reel,20,11,245,1859,745,1485,9851,27713,24426,08-2025,short Caption
P0333,13-03-2025,Image,12,12,14369,730,891,133,24622,35209,23804,03-2025,short Caption
P0334,20-02-2025,Image,8,1,7932,1018,374,1090,16966,17737,24219,02-2025,short Caption
P0335,02-04-2024,Image,44,26,14386,505,1031,1030,19548,35848,24122,04-2024,Medium Caption
P0336,16-11-2024,Image,8,18,2732,121,1364,947,14559,23329,24605,11-2024,short Caption
P0337,22-06-2025,Story,29,18,4594,390,128,72,12088,23181,23865,06-2025,Medium Caption
P0338,27-03-2025,Reel,7,3,15252,1372,1014,398,21867,35670,24677,03-2025,short Caption
P0339,29-09-2024,Video,36,3,9255,588,1799,1428,21032,21225,24007,09-2024,Medium Caption
P0340,21-02-2024,Image,7,25,10526,399,668,577,17775,19782,24921,02-2024,short Caption
P0341,22-04-2024,Video,31,10,10333,1092,1375,858,17136,34705,24418,04-2024,Medium Caption
P0342,13-08-2024,Video,33,26,1928,1745,1381,129,8522,27300,24549,08-2024,Medium Caption
P0343,22-04-2025,Image,36,4,12360,725,516,930,18415,29605,24370,04-2025,Medium Caption
P0344,22-04-2025,Video,23,19,9230,76,1518,1489,13498,23482,24254,04-2025,short Caption
P0345,28-02-2024,Video,25,10,4905,1817,85,1229,16067,25369,24976,02-2024,Medium Caption
P0346,06-01-2025,Reel,9,29,906,278,1198,265,7430,14859,25119,01-2025,short Caption
P0347,06-08-2025,Reel,22,9,8302,1348,1825,792,20503,22764,24431,08-2025,short Caption
P0348,12-01-2025,Image,32,7,1968,342,1216,252,11988,18704,24598,01-2025,Medium Caption
P0349,18-05-2025,Video,46,5,14661,1394,310,821,19305,28226,25202,05-2025,Medium Caption
P0350,14-07-2024,Reel,26,5,15612,1523,1142,1312,26957,31335,25163,07-2024,Medium Caption
